{"displacements":[{"material":0,"element":0}],"materials":[{"material":7,"meshData":{"attributes":["position","normal","uv","uv2"],"elements":[{"mode":4,"material":0,"indexOffset":0,"indexCount":96}],"vertices":[-8960,-10306,6048,0,-1,0,-6.212891,-7.167318,0.0003662109,0.0003662109,-8960,-10306,6208,0,-1,0,-6.212891,-7.375652,0.0003662109,0.001647949,-8544,-10306,6048,0,-1,0,-5.887891,-7.167318,0.003601074,0.0003662109,-8544,-10306,6208,0,-1,0,-5.887891,-7.375652,0.003601074,0.001647949,-8128,-10306,6048,0,-1,0,-5.562891,-7.167318,0.006835938,0.0003662109,-8128,-10306,6208,0,-1,0,-5.562891,-7.375652,0.006835938,0.001647949,-7712,-10306,6048,0,-1,0,-5.237891,-7.167318,0.0100708,0.0003662109,-7712,-10306,6208,0,-1,0,-5.237891,-7.375652,0.0100708,0.001647949,-7296,-10306,6048,0,-1,0,-4.912891,-7.167318,0.01330566,0.0003662109,-7296,-10306,6208,0,-1,0,-4.912891,-7.375652,0.01330566,0.001647949,-8960,-10306,6368,0,-1,0,-6.212891,-7.583985,0.0003662109,0.002929688,-8544,-10306,6368,0,-1,0,-5.887891,-7.583985,0.003601074,0.002929688,-8128,-10306,6368,0,-1,0,-5.562891,-7.583985,0.006835938,0.002929688,-7712,-10306,6368,0,-1,0,-5.237891,-7.583985,0.0100708,0.002929688,-7296,-10306,6368,0,-1,0,-4.912891,-7.583985,0.01330566,0.002929688,-8960,-10306,6528,0,-1,0,-6.212891,-7.792319,0.0003662109,0.004211426,-8544,-10306,6528,0,-1,0,-5.887891,-7.792319,0.003601074,0.004211426,-8128,-10306,6528,0,-1,0,-5.562891,-7.792319,0.006835938,0.004211426,-7712,-10306,6528,0,-1,0,-5.237891,-7.792319,0.0100708,0.004211426,-7296,-10306,6528,0,-1,0,-4.912891,-7.792319,0.01330566,0.004211426,-8960,-10306,6688,0,-1,0,-6.212891,-8.000652,0.0003662109,0.005493164,-8544,-10306,6688,0,-1,0,-5.887891,-8.000652,0.003601074,0.005493164,-8128,-10306,6688,0,-1,0,-5.562891,-8.000652,0.006835938,0.005493164,-7712,-10306,6688,0,-1,0,-5.237891,-8.000652,0.0100708,0.005493164,-7296,-10306,6688,0,-1,0,-4.912891,-8.000652,0.01330566,0.005493164],"indices":[0,1,2,1,3,2,2,3,4,3,5,4,4,5,6,5,7,6,6,7,8,7,9,8,1,10,3,10,11,3,3,11,5,11,12,5,5,12,7,12,13,7,7,13,9,13,14,9,10,15,11,15,16,11,11,16,12,16,17,12,12,17,13,17,18,13,13,18,14,18,19,14,15,20,16,20,21,16,16,21,17,21,22,17,17,22,18,22,23,18,18,23,19,23,24,19]}}]}